"LOCATION","INDICATOR","SUBJECT","MEASURE","FREQUENCY","TIME","Value","Flag Codes"
"AUS","MEATCONSUMP","BEEF","KG_CAP","A","2000",26.515,
"AUS","MEATCONSUMP","BEEF","KG_CAP","A","2001",24.606,
"AUS","MEATCONSUMP","BEEF","KG_CAP","A","2002",25.263,
"AUS","MEATCONSUMP","BEEF","KG_CAP","A","2003",25.958,
"AUS","MEATCONSUMP","BEEF","KG_CAP","A","2004",28.719,
"AUS","MEATCONSUMP","BEEF","KG_CAP","A","2005",27.19,
"AUS","MEATCONSUMP","BEEF","KG_CAP","A","2006",27.03,
"AUS","MEATCONSUMP","BEEF","KG_CAP","A","2007",24.166,
"AUS","MEATCONSUMP","BEEF","KG_CAP","A","2008",23.343,
"AUS","MEATCONSUMP","BEEF","KG_CAP","A","2009",23.454,
"AUS","MEATCONSUMP","BEEF","KG_CAP","A","2010",25.31,
"AUS","MEATCONSUMP","BEEF","KG_CAP","A","2011",23.287,
"AUS","MEATCONSUMP","BEEF","KG_CAP","A","2012",22.435,
"AUS","MEATCONSUMP","BEEF","KG_CAP","A","2013",23.744,
"AUS","MEATCONSUMP","BEEF","KG_CAP","A","2014",22.587,
"AUS","MEATCONSUMP","BEEF","KG_CAP","A","2015",20.519,
"AUS","MEATCONSUMP","BEEF","KG_CAP","A","2016",19.473,
"AUS","MEATCONSUMP","BEEF","KG_CAP","A","2017",21.251,
"AUS","MEATCONSUMP","BEEF","KG_CAP","A","2018",19.965,
"AUS","MEATCONSUMP","BEEF","KG_CAP","A","2019",19.698,
"AUS","MEATCONSUMP","BEEF","KG_CAP","A","2020",19.438,
"AUS","MEATCONSUMP","BEEF","KG_CAP","A","2021",19.187,
"AUS","MEATCONSUMP","BEEF","KG_CAP","A","2022",19.088,
"CAN","MEATCONSUMP","BEEF","KG_CAP","A","2000",23.411,
"CAN","MEATCONSUMP","BEEF","KG_CAP","A","2001",22.5,
"CAN","MEATCONSUMP","BEEF","KG_CAP","A","2002",22.415,
"CAN","MEATCONSUMP","BEEF","KG_CAP","A","2003",23.655,
"CAN","MEATCONSUMP","BEEF","KG_CAP","A","2004",22.711,
"CAN","MEATCONSUMP","BEEF","KG_CAP","A","2005",21.994,
"CAN","MEATCONSUMP","BEEF","KG_CAP","A","2006",21.711,
"CAN","MEATCONSUMP","BEEF","KG_CAP","A","2007",22.146,
"CAN","MEATCONSUMP","BEEF","KG_CAP","A","2008",21.473,
"CAN","MEATCONSUMP","BEEF","KG_CAP","A","2009",20.434,
"CAN","MEATCONSUMP","BEEF","KG_CAP","A","2010",20.305,
"CAN","MEATCONSUMP","BEEF","KG_CAP","A","2011",19.804,
"CAN","MEATCONSUMP","BEEF","KG_CAP","A","2012",20.012,
"CAN","MEATCONSUMP","BEEF","KG_CAP","A","2013",19.813,
"CAN","MEATCONSUMP","BEEF","KG_CAP","A","2014",19.177,
"CAN","MEATCONSUMP","BEEF","KG_CAP","A","2015",17.633,
"CAN","MEATCONSUMP","BEEF","KG_CAP","A","2016",18.316,
"CAN","MEATCONSUMP","BEEF","KG_CAP","A","2017",18.273,
"CAN","MEATCONSUMP","BEEF","KG_CAP","A","2018",18.422,
"CAN","MEATCONSUMP","BEEF","KG_CAP","A","2019",17.623,
"CAN","MEATCONSUMP","BEEF","KG_CAP","A","2020",17.578,
"CAN","MEATCONSUMP","BEEF","KG_CAP","A","2021",17.394,
"CAN","MEATCONSUMP","BEEF","KG_CAP","A","2022",17.188,
"JPN","MEATCONSUMP","BEEF","KG_CAP","A","2000",8.618,
"JPN","MEATCONSUMP","BEEF","KG_CAP","A","2001",7.03,
"JPN","MEATCONSUMP","BEEF","KG_CAP","A","2002",7.128,
"JPN","MEATCONSUMP","BEEF","KG_CAP","A","2003",6.98,
"JPN","MEATCONSUMP","BEEF","KG_CAP","A","2004",6.962,
"JPN","MEATCONSUMP","BEEF","KG_CAP","A","2005",6.234,
"JPN","MEATCONSUMP","BEEF","KG_CAP","A","2006",6.188,
"JPN","MEATCONSUMP","BEEF","KG_CAP","A","2007",6.38,
"JPN","MEATCONSUMP","BEEF","KG_CAP","A","2008",6.386,
"JPN","MEATCONSUMP","BEEF","KG_CAP","A","2009",6.492,
"JPN","MEATCONSUMP","BEEF","KG_CAP","A","2010",6.707,
"JPN","MEATCONSUMP","BEEF","KG_CAP","A","2011",6.722,
"JPN","MEATCONSUMP","BEEF","KG_CAP","A","2012",6.731,
"JPN","MEATCONSUMP","BEEF","KG_CAP","A","2013",6.727,
"JPN","MEATCONSUMP","BEEF","KG_CAP","A","2014",6.689,
"JPN","MEATCONSUMP","BEEF","KG_CAP","A","2015",6.292,
"JPN","MEATCONSUMP","BEEF","KG_CAP","A","2016",6.873,
"JPN","MEATCONSUMP","BEEF","KG_CAP","A","2017",7.001,
"JPN","MEATCONSUMP","BEEF","KG_CAP","A","2018",7.356,
"JPN","MEATCONSUMP","BEEF","KG_CAP","A","2019",7.541,
"JPN","MEATCONSUMP","BEEF","KG_CAP","A","2020",7.643,
"JPN","MEATCONSUMP","BEEF","KG_CAP","A","2021",7.657,
"JPN","MEATCONSUMP","BEEF","KG_CAP","A","2022",7.673,
"KOR","MEATCONSUMP","BEEF","KG_CAP","A","2000",8.449,
"KOR","MEATCONSUMP","BEEF","KG_CAP","A","2001",7.322,
"KOR","MEATCONSUMP","BEEF","KG_CAP","A","2002",8.331,
"KOR","MEATCONSUMP","BEEF","KG_CAP","A","2003",8.03,
"KOR","MEATCONSUMP","BEEF","KG_CAP","A","2004",6.47,
"KOR","MEATCONSUMP","BEEF","KG_CAP","A","2005",5.976,
"KOR","MEATCONSUMP","BEEF","KG_CAP","A","2006",6.641,
"KOR","MEATCONSUMP","BEEF","KG_CAP","A","2007",7.046,
"KOR","MEATCONSUMP","BEEF","KG_CAP","A","2008",7.191,
"KOR","MEATCONSUMP","BEEF","KG_CAP","A","2009",7.424,
"KOR","MEATCONSUMP","BEEF","KG_CAP","A","2010",7.981,
"KOR","MEATCONSUMP","BEEF","KG_CAP","A","2011",8.819,
"KOR","MEATCONSUMP","BEEF","KG_CAP","A","2012",8.943,
"KOR","MEATCONSUMP","BEEF","KG_CAP","A","2013",9.337,
"KOR","MEATCONSUMP","BEEF","KG_CAP","A","2014",9.871,
"KOR","MEATCONSUMP","BEEF","KG_CAP","A","2015",10.008,
"KOR","MEATCONSUMP","BEEF","KG_CAP","A","2016",10.019,
"KOR","MEATCONSUMP","BEEF","KG_CAP","A","2017",10.441,
"KOR","MEATCONSUMP","BEEF","KG_CAP","A","2018",10.83,
"KOR","MEATCONSUMP","BEEF","KG_CAP","A","2019",11.822,
"KOR","MEATCONSUMP","BEEF","KG_CAP","A","2020",11.85,
"KOR","MEATCONSUMP","BEEF","KG_CAP","A","2021",11.908,
"KOR","MEATCONSUMP","BEEF","KG_CAP","A","2022",11.968,
"MEX","MEATCONSUMP","BEEF","KG_CAP","A","2000",10.79,
"MEX","MEATCONSUMP","BEEF","KG_CAP","A","2001",11.048,
"MEX","MEATCONSUMP","BEEF","KG_CAP","A","2002",11.824,
"MEX","MEATCONSUMP","BEEF","KG_CAP","A","2003",10.955,
"MEX","MEATCONSUMP","BEEF","KG_CAP","A","2004",10.407,
"MEX","MEATCONSUMP","BEEF","KG_CAP","A","2005",10.671,
"MEX","MEATCONSUMP","BEEF","KG_CAP","A","2006",10.01,
"MEX","MEATCONSUMP","BEEF","KG_CAP","A","2007",10.704,
"MEX","MEATCONSUMP","BEEF","KG_CAP","A","2008",11.219,
"MEX","MEATCONSUMP","BEEF","KG_CAP","A","2009",10.553,
"MEX","MEATCONSUMP","BEEF","KG_CAP","A","2010",9.966,
"MEX","MEATCONSUMP","BEEF","KG_CAP","A","2011",9.056,
"MEX","MEATCONSUMP","BEEF","KG_CAP","A","2012",9.055,
"MEX","MEATCONSUMP","BEEF","KG_CAP","A","2013",9.023,
"MEX","MEATCONSUMP","BEEF","KG_CAP","A","2014",8.911,
"MEX","MEATCONSUMP","BEEF","KG_CAP","A","2015",8.913,
"MEX","MEATCONSUMP","BEEF","KG_CAP","A","2016",9.134,
"MEX","MEATCONSUMP","BEEF","KG_CAP","A","2017",9.162,
"MEX","MEATCONSUMP","BEEF","KG_CAP","A","2018",9.243,
"MEX","MEATCONSUMP","BEEF","KG_CAP","A","2019",9.167,
"MEX","MEATCONSUMP","BEEF","KG_CAP","A","2020",8.971,
"MEX","MEATCONSUMP","BEEF","KG_CAP","A","2021",8.986,
"MEX","MEATCONSUMP","BEEF","KG_CAP","A","2022",8.996,
"NZL","MEATCONSUMP","BEEF","KG_CAP","A","2000",23.267,
"NZL","MEATCONSUMP","BEEF","KG_CAP","A","2001",21.663,
"NZL","MEATCONSUMP","BEEF","KG_CAP","A","2002",16.952,
"NZL","MEATCONSUMP","BEEF","KG_CAP","A","2003",23.15,
"NZL","MEATCONSUMP","BEEF","KG_CAP","A","2004",20.182,
"NZL","MEATCONSUMP","BEEF","KG_CAP","A","2005",15.749,
"NZL","MEATCONSUMP","BEEF","KG_CAP","A","2006",17.187,
"NZL","MEATCONSUMP","BEEF","KG_CAP","A","2007",20.094,
"NZL","MEATCONSUMP","BEEF","KG_CAP","A","2008",20.143,
"NZL","MEATCONSUMP","BEEF","KG_CAP","A","2009",17.779,
"NZL","MEATCONSUMP","BEEF","KG_CAP","A","2010",17.165,
"NZL","MEATCONSUMP","BEEF","KG_CAP","A","2011",16.522,
"NZL","MEATCONSUMP","BEEF","KG_CAP","A","2012",15.779,
"NZL","MEATCONSUMP","BEEF","KG_CAP","A","2013",15.883,
"NZL","MEATCONSUMP","BEEF","KG_CAP","A","2014",15.402,
"NZL","MEATCONSUMP","BEEF","KG_CAP","A","2015",13.864,
"NZL","MEATCONSUMP","BEEF","KG_CAP","A","2016",12.519,
"NZL","MEATCONSUMP","BEEF","KG_CAP","A","2017",12.063,
"NZL","MEATCONSUMP","BEEF","KG_CAP","A","2018",11.837,
"NZL","MEATCONSUMP","BEEF","KG_CAP","A","2019",11.609,
"NZL","MEATCONSUMP","BEEF","KG_CAP","A","2020",11.548,
"NZL","MEATCONSUMP","BEEF","KG_CAP","A","2021",11.663,
"NZL","MEATCONSUMP","BEEF","KG_CAP","A","2022",11.371,
"TUR","MEATCONSUMP","BEEF","KG_CAP","A","2000",3.964,
"TUR","MEATCONSUMP","BEEF","KG_CAP","A","2001",3.638,
"TUR","MEATCONSUMP","BEEF","KG_CAP","A","2002",3.532,
"TUR","MEATCONSUMP","BEEF","KG_CAP","A","2003",3.191,
"TUR","MEATCONSUMP","BEEF","KG_CAP","A","2004",3.927,
"TUR","MEATCONSUMP","BEEF","KG_CAP","A","2005",3.373,
"TUR","MEATCONSUMP","BEEF","KG_CAP","A","2006",3.523,
"TUR","MEATCONSUMP","BEEF","KG_CAP","A","2007",4.344,
"TUR","MEATCONSUMP","BEEF","KG_CAP","A","2008",3.726,
"TUR","MEATCONSUMP","BEEF","KG_CAP","A","2009",3.16,
"TUR","MEATCONSUMP","BEEF","KG_CAP","A","2010",6.387,
"TUR","MEATCONSUMP","BEEF","KG_CAP","A","2011",7.079,
"TUR","MEATCONSUMP","BEEF","KG_CAP","A","2012",7.546,
"TUR","MEATCONSUMP","BEEF","KG_CAP","A","2013",7.867,
"TUR","MEATCONSUMP","BEEF","KG_CAP","A","2014",7.882,
"TUR","MEATCONSUMP","BEEF","KG_CAP","A","2015",9.217,
"TUR","MEATCONSUMP","BEEF","KG_CAP","A","2016",9.342,
"TUR","MEATCONSUMP","BEEF","KG_CAP","A","2017",8.599,
"TUR","MEATCONSUMP","BEEF","KG_CAP","A","2018",9.839,
"TUR","MEATCONSUMP","BEEF","KG_CAP","A","2019",9.474,
"TUR","MEATCONSUMP","BEEF","KG_CAP","A","2020",9.633,
"TUR","MEATCONSUMP","BEEF","KG_CAP","A","2021",9.818,
"TUR","MEATCONSUMP","BEEF","KG_CAP","A","2022",9.966,
"USA","MEATCONSUMP","BEEF","KG_CAP","A","2000",31.067,
"USA","MEATCONSUMP","BEEF","KG_CAP","A","2001",30.378,
"USA","MEATCONSUMP","BEEF","KG_CAP","A","2002",31.038,
"USA","MEATCONSUMP","BEEF","KG_CAP","A","2003",29.803,
"USA","MEATCONSUMP","BEEF","KG_CAP","A","2004",30.33,
"USA","MEATCONSUMP","BEEF","KG_CAP","A","2005",30.049,
"USA","MEATCONSUMP","BEEF","KG_CAP","A","2006",30.171,
"USA","MEATCONSUMP","BEEF","KG_CAP","A","2007",29.903,
"USA","MEATCONSUMP","BEEF","KG_CAP","A","2008",28.71,
"USA","MEATCONSUMP","BEEF","KG_CAP","A","2009",28.037,
"USA","MEATCONSUMP","BEEF","KG_CAP","A","2010",27.257,
"USA","MEATCONSUMP","BEEF","KG_CAP","A","2011",26.262,
"USA","MEATCONSUMP","BEEF","KG_CAP","A","2012",26.083,
"USA","MEATCONSUMP","BEEF","KG_CAP","A","2013",25.595,
"USA","MEATCONSUMP","BEEF","KG_CAP","A","2014",24.627,
"USA","MEATCONSUMP","BEEF","KG_CAP","A","2015",24.599,
"USA","MEATCONSUMP","BEEF","KG_CAP","A","2016",25.308,
"USA","MEATCONSUMP","BEEF","KG_CAP","A","2017",25.939,
"USA","MEATCONSUMP","BEEF","KG_CAP","A","2018",26.057,
"USA","MEATCONSUMP","BEEF","KG_CAP","A","2019",26.324,
"USA","MEATCONSUMP","BEEF","KG_CAP","A","2020",26.195,
"USA","MEATCONSUMP","BEEF","KG_CAP","A","2021",26.081,
"USA","MEATCONSUMP","BEEF","KG_CAP","A","2022",25.342,
"ARG","MEATCONSUMP","BEEF","KG_CAP","A","2000",45.282,
"ARG","MEATCONSUMP","BEEF","KG_CAP","A","2001",43.988,
"ARG","MEATCONSUMP","BEEF","KG_CAP","A","2002",40.505,
"ARG","MEATCONSUMP","BEEF","KG_CAP","A","2003",41.864,
"ARG","MEATCONSUMP","BEEF","KG_CAP","A","2004",43.711,
"ARG","MEATCONSUMP","BEEF","KG_CAP","A","2005",42.824,
"ARG","MEATCONSUMP","BEEF","KG_CAP","A","2006",44.105,
"ARG","MEATCONSUMP","BEEF","KG_CAP","A","2007",47.41,
"ARG","MEATCONSUMP","BEEF","KG_CAP","A","2008",47.251,
"ARG","MEATCONSUMP","BEEF","KG_CAP","A","2009",46.961,
"ARG","MEATCONSUMP","BEEF","KG_CAP","A","2010",39.622,
"ARG","MEATCONSUMP","BEEF","KG_CAP","A","2011",38.402,
"ARG","MEATCONSUMP","BEEF","KG_CAP","A","2012",40.476,
"ARG","MEATCONSUMP","BEEF","KG_CAP","A","2013",44.056,
"ARG","MEATCONSUMP","BEEF","KG_CAP","A","2014",40.956,
"ARG","MEATCONSUMP","BEEF","KG_CAP","A","2015",41.079,
"ARG","MEATCONSUMP","BEEF","KG_CAP","A","2016",39.042,
"ARG","MEATCONSUMP","BEEF","KG_CAP","A","2017",39.575,
"ARG","MEATCONSUMP","BEEF","KG_CAP","A","2018",38.881,
"ARG","MEATCONSUMP","BEEF","KG_CAP","A","2019",37.985,
"ARG","MEATCONSUMP","BEEF","KG_CAP","A","2020",36.894,
"ARG","MEATCONSUMP","BEEF","KG_CAP","A","2021",36.853,
"ARG","MEATCONSUMP","BEEF","KG_CAP","A","2022",36.894,
"BRA","MEATCONSUMP","BEEF","KG_CAP","A","2000",25.237,
"BRA","MEATCONSUMP","BEEF","KG_CAP","A","2001",24.993,
"BRA","MEATCONSUMP","BEEF","KG_CAP","A","2002",25.699,
"BRA","MEATCONSUMP","BEEF","KG_CAP","A","2003",29.696,
"BRA","MEATCONSUMP","BEEF","KG_CAP","A","2004",27.678,
"BRA","MEATCONSUMP","BEEF","KG_CAP","A","2005",29.722,
"BRA","MEATCONSUMP","BEEF","KG_CAP","A","2006",32.082,
"BRA","MEATCONSUMP","BEEF","KG_CAP","A","2007",30.758,
"BRA","MEATCONSUMP","BEEF","KG_CAP","A","2008",26.987,
"BRA","MEATCONSUMP","BEEF","KG_CAP","A","2009",25.673,
"BRA","MEATCONSUMP","BEEF","KG_CAP","A","2010",26.325,
"BRA","MEATCONSUMP","BEEF","KG_CAP","A","2011",25.903,
"BRA","MEATCONSUMP","BEEF","KG_CAP","A","2012",26.161,
"BRA","MEATCONSUMP","BEEF","KG_CAP","A","2013",27.765,
"BRA","MEATCONSUMP","BEEF","KG_CAP","A","2014",26.041,
"BRA","MEATCONSUMP","BEEF","KG_CAP","A","2015",24.968,
"BRA","MEATCONSUMP","BEEF","KG_CAP","A","2016",25.391,
"BRA","MEATCONSUMP","BEEF","KG_CAP","A","2017",25.373,
"BRA","MEATCONSUMP","BEEF","KG_CAP","A","2018",25.263,
"BRA","MEATCONSUMP","BEEF","KG_CAP","A","2019",25.187,
"BRA","MEATCONSUMP","BEEF","KG_CAP","A","2020",24.445,
"BRA","MEATCONSUMP","BEEF","KG_CAP","A","2021",24.605,
"BRA","MEATCONSUMP","BEEF","KG_CAP","A","2022",24.559,
"CHL","MEATCONSUMP","BEEF","KG_CAP","A","2000",15.658,
"CHL","MEATCONSUMP","BEEF","KG_CAP","A","2001",14.054,
"CHL","MEATCONSUMP","BEEF","KG_CAP","A","2002",14.699,
"CHL","MEATCONSUMP","BEEF","KG_CAP","A","2003",15.894,
"CHL","MEATCONSUMP","BEEF","KG_CAP","A","2004",16.402,
"CHL","MEATCONSUMP","BEEF","KG_CAP","A","2005",17.445,
"CHL","MEATCONSUMP","BEEF","KG_CAP","A","2006",15.129,
"CHL","MEATCONSUMP","BEEF","KG_CAP","A","2007",16.218,
"CHL","MEATCONSUMP","BEEF","KG_CAP","A","2008",15.115,
"CHL","MEATCONSUMP","BEEF","KG_CAP","A","2009",15.154,
"CHL","MEATCONSUMP","BEEF","KG_CAP","A","2010",15.412,
"CHL","MEATCONSUMP","BEEF","KG_CAP","A","2011",14.162,
"CHL","MEATCONSUMP","BEEF","KG_CAP","A","2012",14.675,
"CHL","MEATCONSUMP","BEEF","KG_CAP","A","2013",17.161,
"CHL","MEATCONSUMP","BEEF","KG_CAP","A","2014",17.602,
"CHL","MEATCONSUMP","BEEF","KG_CAP","A","2015",17.441,
"CHL","MEATCONSUMP","BEEF","KG_CAP","A","2016",18.855,
"CHL","MEATCONSUMP","BEEF","KG_CAP","A","2017",17.548,
"CHL","MEATCONSUMP","BEEF","KG_CAP","A","2018",18.67,
"CHL","MEATCONSUMP","BEEF","KG_CAP","A","2019",20.118,
"CHL","MEATCONSUMP","BEEF","KG_CAP","A","2020",20.262,
"CHL","MEATCONSUMP","BEEF","KG_CAP","A","2021",20.461,
"CHL","MEATCONSUMP","BEEF","KG_CAP","A","2022",20.666,
"CHN","MEATCONSUMP","BEEF","KG_CAP","A","2000",2.685,
"CHN","MEATCONSUMP","BEEF","KG_CAP","A","2001",2.716,
"CHN","MEATCONSUMP","BEEF","KG_CAP","A","2002",2.782,
"CHN","MEATCONSUMP","BEEF","KG_CAP","A","2003",2.864,
"CHN","MEATCONSUMP","BEEF","KG_CAP","A","2004",2.928,
"CHN","MEATCONSUMP","BEEF","KG_CAP","A","2005",2.934,
"CHN","MEATCONSUMP","BEEF","KG_CAP","A","2006",2.953,
"CHN","MEATCONSUMP","BEEF","KG_CAP","A","2007",3.127,
"CHN","MEATCONSUMP","BEEF","KG_CAP","A","2008",3.126,
"CHN","MEATCONSUMP","BEEF","KG_CAP","A","2009",3.193,
"CHN","MEATCONSUMP","BEEF","KG_CAP","A","2010",3.187,
"CHN","MEATCONSUMP","BEEF","KG_CAP","A","2011",3.073,
"CHN","MEATCONSUMP","BEEF","KG_CAP","A","2012",3.106,
"CHN","MEATCONSUMP","BEEF","KG_CAP","A","2013",3.23,
"CHN","MEATCONSUMP","BEEF","KG_CAP","A","2014",3.222,
"CHN","MEATCONSUMP","BEEF","KG_CAP","A","2015",3.329,
"CHN","MEATCONSUMP","BEEF","KG_CAP","A","2016",3.383,
"CHN","MEATCONSUMP","BEEF","KG_CAP","A","2017",3.523,
"CHN","MEATCONSUMP","BEEF","KG_CAP","A","2018",3.617,
"CHN","MEATCONSUMP","BEEF","KG_CAP","A","2019",4.086,
"CHN","MEATCONSUMP","BEEF","KG_CAP","A","2020",4.186,
"CHN","MEATCONSUMP","BEEF","KG_CAP","A","2021",4.143,
"CHN","MEATCONSUMP","BEEF","KG_CAP","A","2022",4.095,
"COL","MEATCONSUMP","BEEF","KG_CAP","A","2000",12.984,
"COL","MEATCONSUMP","BEEF","KG_CAP","A","2001",11.866,
"COL","MEATCONSUMP","BEEF","KG_CAP","A","2002",11.36,
"COL","MEATCONSUMP","BEEF","KG_CAP","A","2003",10.6,
"COL","MEATCONSUMP","BEEF","KG_CAP","A","2004",11.548,
"COL","MEATCONSUMP","BEEF","KG_CAP","A","2005",12.659,
"COL","MEATCONSUMP","BEEF","KG_CAP","A","2006",12.852,
"COL","MEATCONSUMP","BEEF","KG_CAP","A","2007",12.24,
"COL","MEATCONSUMP","BEEF","KG_CAP","A","2008",11.91,
"COL","MEATCONSUMP","BEEF","KG_CAP","A","2009",10.891,
"COL","MEATCONSUMP","BEEF","KG_CAP","A","2010",11.681,
"COL","MEATCONSUMP","BEEF","KG_CAP","A","2011",12.32,
"COL","MEATCONSUMP","BEEF","KG_CAP","A","2012",12.633,
"COL","MEATCONSUMP","BEEF","KG_CAP","A","2013",12.112,
"COL","MEATCONSUMP","BEEF","KG_CAP","A","2014",12.17,
"COL","MEATCONSUMP","BEEF","KG_CAP","A","2015",12.277,
"COL","MEATCONSUMP","BEEF","KG_CAP","A","2016",11.335,
"COL","MEATCONSUMP","BEEF","KG_CAP","A","2017",10.49,
"COL","MEATCONSUMP","BEEF","KG_CAP","A","2018",10.624,
"COL","MEATCONSUMP","BEEF","KG_CAP","A","2019",8.53,
"COL","MEATCONSUMP","BEEF","KG_CAP","A","2020",8.62,
"COL","MEATCONSUMP","BEEF","KG_CAP","A","2021",8.717,
"COL","MEATCONSUMP","BEEF","KG_CAP","A","2022",8.81,
"EGY","MEATCONSUMP","BEEF","KG_CAP","A","2000",7.7,
"EGY","MEATCONSUMP","BEEF","KG_CAP","A","2001",6.431,
"EGY","MEATCONSUMP","BEEF","KG_CAP","A","2002",7.868,
"EGY","MEATCONSUMP","BEEF","KG_CAP","A","2003",7.333,
"EGY","MEATCONSUMP","BEEF","KG_CAP","A","2004",7.464,
"EGY","MEATCONSUMP","BEEF","KG_CAP","A","2005",8.261,
"EGY","MEATCONSUMP","BEEF","KG_CAP","A","2006",9.121,
"EGY","MEATCONSUMP","BEEF","KG_CAP","A","2007",9.289,
"EGY","MEATCONSUMP","BEEF","KG_CAP","A","2008",8.393,
"EGY","MEATCONSUMP","BEEF","KG_CAP","A","2009",8.549,
"EGY","MEATCONSUMP","BEEF","KG_CAP","A","2010",9.283,
"EGY","MEATCONSUMP","BEEF","KG_CAP","A","2011",8.694,
"EGY","MEATCONSUMP","BEEF","KG_CAP","A","2012",9.296,
"EGY","MEATCONSUMP","BEEF","KG_CAP","A","2013",8.951,
"EGY","MEATCONSUMP","BEEF","KG_CAP","A","2014",9.179,
"EGY","MEATCONSUMP","BEEF","KG_CAP","A","2015",9.117,
"EGY","MEATCONSUMP","BEEF","KG_CAP","A","2016",8.881,
"EGY","MEATCONSUMP","BEEF","KG_CAP","A","2017",8.176,
"EGY","MEATCONSUMP","BEEF","KG_CAP","A","2018",7.721,
"EGY","MEATCONSUMP","BEEF","KG_CAP","A","2019",7.819,
"EGY","MEATCONSUMP","BEEF","KG_CAP","A","2020",7.8,
"EGY","MEATCONSUMP","BEEF","KG_CAP","A","2021",7.84,
"EGY","MEATCONSUMP","BEEF","KG_CAP","A","2022",7.863,
"ETH","MEATCONSUMP","BEEF","KG_CAP","A","2000",3.093,
"ETH","MEATCONSUMP","BEEF","KG_CAP","A","2001",3.102,
"ETH","MEATCONSUMP","BEEF","KG_CAP","A","2002",3.5,
"ETH","MEATCONSUMP","BEEF","KG_CAP","A","2003",3.264,
"ETH","MEATCONSUMP","BEEF","KG_CAP","A","2004",3.152,
"ETH","MEATCONSUMP","BEEF","KG_CAP","A","2005",3.196,
"ETH","MEATCONSUMP","BEEF","KG_CAP","A","2006",3.32,
"ETH","MEATCONSUMP","BEEF","KG_CAP","A","2007",3.137,
"ETH","MEATCONSUMP","BEEF","KG_CAP","A","2008",3.198,
"ETH","MEATCONSUMP","BEEF","KG_CAP","A","2009",2.907,
"ETH","MEATCONSUMP","BEEF","KG_CAP","A","2010",3.345,
"ETH","MEATCONSUMP","BEEF","KG_CAP","A","2011",3.186,
"ETH","MEATCONSUMP","BEEF","KG_CAP","A","2012",2.557,
"ETH","MEATCONSUMP","BEEF","KG_CAP","A","2013",2.513,
"ETH","MEATCONSUMP","BEEF","KG_CAP","A","2014",2.738,
"ETH","MEATCONSUMP","BEEF","KG_CAP","A","2015",2.74,
"ETH","MEATCONSUMP","BEEF","KG_CAP","A","2016",2.654,
"ETH","MEATCONSUMP","BEEF","KG_CAP","A","2017",2.611,
"ETH","MEATCONSUMP","BEEF","KG_CAP","A","2018",2.539,
"ETH","MEATCONSUMP","BEEF","KG_CAP","A","2019",2.497,
"ETH","MEATCONSUMP","BEEF","KG_CAP","A","2020",2.486,
"ETH","MEATCONSUMP","BEEF","KG_CAP","A","2021",2.484,
"ETH","MEATCONSUMP","BEEF","KG_CAP","A","2022",2.479,
"IND","MEATCONSUMP","BEEF","KG_CAP","A","2000",1.299,
"IND","MEATCONSUMP","BEEF","KG_CAP","A","2001",1.31,
"IND","MEATCONSUMP","BEEF","KG_CAP","A","2002",1.257,
"IND","MEATCONSUMP","BEEF","KG_CAP","A","2003",1.18,
"IND","MEATCONSUMP","BEEF","KG_CAP","A","2004",1.156,
"IND","MEATCONSUMP","BEEF","KG_CAP","A","2005",1.089,
"IND","MEATCONSUMP","BEEF","KG_CAP","A","2006",1.064,
"IND","MEATCONSUMP","BEEF","KG_CAP","A","2007",1.071,
"IND","MEATCONSUMP","BEEF","KG_CAP","A","2008",1.066,
"IND","MEATCONSUMP","BEEF","KG_CAP","A","2009",1.094,
"IND","MEATCONSUMP","BEEF","KG_CAP","A","2010",0.936,
"IND","MEATCONSUMP","BEEF","KG_CAP","A","2011",0.752,
"IND","MEATCONSUMP","BEEF","KG_CAP","A","2012",0.67,
"IND","MEATCONSUMP","BEEF","KG_CAP","A","2013",0.457,
"IND","MEATCONSUMP","BEEF","KG_CAP","A","2014",0.348,
"IND","MEATCONSUMP","BEEF","KG_CAP","A","2015",0.449,
"IND","MEATCONSUMP","BEEF","KG_CAP","A","2016",0.469,
"IND","MEATCONSUMP","BEEF","KG_CAP","A","2017",0.427,
"IND","MEATCONSUMP","BEEF","KG_CAP","A","2018",0.563,
"IND","MEATCONSUMP","BEEF","KG_CAP","A","2019",0.532,
"IND","MEATCONSUMP","BEEF","KG_CAP","A","2020",0.532,
"IND","MEATCONSUMP","BEEF","KG_CAP","A","2021",0.536,
"IND","MEATCONSUMP","BEEF","KG_CAP","A","2022",0.538,
"IDN","MEATCONSUMP","BEEF","KG_CAP","A","2000",1.398,
"IDN","MEATCONSUMP","BEEF","KG_CAP","A","2001",1.32,
"IDN","MEATCONSUMP","BEEF","KG_CAP","A","2002",1.249,
"IDN","MEATCONSUMP","BEEF","KG_CAP","A","2003",1.338,
"IDN","MEATCONSUMP","BEEF","KG_CAP","A","2004",1.579,
"IDN","MEATCONSUMP","BEEF","KG_CAP","A","2005",1.312,
"IDN","MEATCONSUMP","BEEF","KG_CAP","A","2006",1.443,
"IDN","MEATCONSUMP","BEEF","KG_CAP","A","2007",1.303,
"IDN","MEATCONSUMP","BEEF","KG_CAP","A","2008",1.454,
"IDN","MEATCONSUMP","BEEF","KG_CAP","A","2009",1.557,
"IDN","MEATCONSUMP","BEEF","KG_CAP","A","2010",1.702,
"IDN","MEATCONSUMP","BEEF","KG_CAP","A","2011",1.721,
"IDN","MEATCONSUMP","BEEF","KG_CAP","A","2012",1.662,
"IDN","MEATCONSUMP","BEEF","KG_CAP","A","2013",1.682,
"IDN","MEATCONSUMP","BEEF","KG_CAP","A","2014",1.732,
"IDN","MEATCONSUMP","BEEF","KG_CAP","A","2015",1.658,
"IDN","MEATCONSUMP","BEEF","KG_CAP","A","2016",1.888,
"IDN","MEATCONSUMP","BEEF","KG_CAP","A","2017",1.89,
"IDN","MEATCONSUMP","BEEF","KG_CAP","A","2018",2.034,
"IDN","MEATCONSUMP","BEEF","KG_CAP","A","2019",2.159,
"IDN","MEATCONSUMP","BEEF","KG_CAP","A","2020",2.178,
"IDN","MEATCONSUMP","BEEF","KG_CAP","A","2021",2.203,
"IDN","MEATCONSUMP","BEEF","KG_CAP","A","2022",2.226,
"IRN","MEATCONSUMP","BEEF","KG_CAP","A","2000",3.291,
"IRN","MEATCONSUMP","BEEF","KG_CAP","A","2001",3.558,
"IRN","MEATCONSUMP","BEEF","KG_CAP","A","2002",3.867,
"IRN","MEATCONSUMP","BEEF","KG_CAP","A","2003",3.809,
"IRN","MEATCONSUMP","BEEF","KG_CAP","A","2004",4.214,
"IRN","MEATCONSUMP","BEEF","KG_CAP","A","2005",3.954,
"IRN","MEATCONSUMP","BEEF","KG_CAP","A","2006",4.726,
"IRN","MEATCONSUMP","BEEF","KG_CAP","A","2007",4.961,
"IRN","MEATCONSUMP","BEEF","KG_CAP","A","2008",4.426,
"IRN","MEATCONSUMP","BEEF","KG_CAP","A","2009",4.45,
"IRN","MEATCONSUMP","BEEF","KG_CAP","A","2010",5.647,
"IRN","MEATCONSUMP","BEEF","KG_CAP","A","2011",5.192,
"IRN","MEATCONSUMP","BEEF","KG_CAP","A","2012",4.561,
"IRN","MEATCONSUMP","BEEF","KG_CAP","A","2013",4.496,
"IRN","MEATCONSUMP","BEEF","KG_CAP","A","2014",4.784,
"IRN","MEATCONSUMP","BEEF","KG_CAP","A","2015",5.007,
"IRN","MEATCONSUMP","BEEF","KG_CAP","A","2016",5.274,
"IRN","MEATCONSUMP","BEEF","KG_CAP","A","2017",5.459,
"IRN","MEATCONSUMP","BEEF","KG_CAP","A","2018",5.65,
"IRN","MEATCONSUMP","BEEF","KG_CAP","A","2019",5.711,
"IRN","MEATCONSUMP","BEEF","KG_CAP","A","2020",5.77,
"IRN","MEATCONSUMP","BEEF","KG_CAP","A","2021",5.852,
"IRN","MEATCONSUMP","BEEF","KG_CAP","A","2022",5.926,
"ISR","MEATCONSUMP","BEEF","KG_CAP","A","2000",16.532,
"ISR","MEATCONSUMP","BEEF","KG_CAP","A","2001",15.167,
"ISR","MEATCONSUMP","BEEF","KG_CAP","A","2002",17.774,
"ISR","MEATCONSUMP","BEEF","KG_CAP","A","2003",18.342,
"ISR","MEATCONSUMP","BEEF","KG_CAP","A","2004",8.98,
"ISR","MEATCONSUMP","BEEF","KG_CAP","A","2005",16.87,
"ISR","MEATCONSUMP","BEEF","KG_CAP","A","2006",21.967,
"ISR","MEATCONSUMP","BEEF","KG_CAP","A","2007",19.333,
"ISR","MEATCONSUMP","BEEF","KG_CAP","A","2008",23.448,
"ISR","MEATCONSUMP","BEEF","KG_CAP","A","2009",17.855,
"ISR","MEATCONSUMP","BEEF","KG_CAP","A","2010",18.893,
"ISR","MEATCONSUMP","BEEF","KG_CAP","A","2011",19.583,
"ISR","MEATCONSUMP","BEEF","KG_CAP","A","2012",18.165,
"ISR","MEATCONSUMP","BEEF","KG_CAP","A","2013",23.298,
"ISR","MEATCONSUMP","BEEF","KG_CAP","A","2014",18.672,
"ISR","MEATCONSUMP","BEEF","KG_CAP","A","2015",18.7,
"ISR","MEATCONSUMP","BEEF","KG_CAP","A","2016",20.296,
"ISR","MEATCONSUMP","BEEF","KG_CAP","A","2017",20.909,
"ISR","MEATCONSUMP","BEEF","KG_CAP","A","2018",22.851,
"ISR","MEATCONSUMP","BEEF","KG_CAP","A","2019",23.16,
"ISR","MEATCONSUMP","BEEF","KG_CAP","A","2020",23.214,
"ISR","MEATCONSUMP","BEEF","KG_CAP","A","2021",23.295,
"ISR","MEATCONSUMP","BEEF","KG_CAP","A","2022",23.378,
"KAZ","MEATCONSUMP","BEEF","KG_CAP","A","2000",14.607,
"KAZ","MEATCONSUMP","BEEF","KG_CAP","A","2001",13.929,
"KAZ","MEATCONSUMP","BEEF","KG_CAP","A","2002",14.239,
"KAZ","MEATCONSUMP","BEEF","KG_CAP","A","2003",15.029,
"KAZ","MEATCONSUMP","BEEF","KG_CAP","A","2004",15.742,
"KAZ","MEATCONSUMP","BEEF","KG_CAP","A","2005",16.8,
"KAZ","MEATCONSUMP","BEEF","KG_CAP","A","2006",18.096,
"KAZ","MEATCONSUMP","BEEF","KG_CAP","A","2007",19.274,
"KAZ","MEATCONSUMP","BEEF","KG_CAP","A","2008",19.537,
"KAZ","MEATCONSUMP","BEEF","KG_CAP","A","2009",18.667,
"KAZ","MEATCONSUMP","BEEF","KG_CAP","A","2010",18.486,
"KAZ","MEATCONSUMP","BEEF","KG_CAP","A","2011",18.631,
"KAZ","MEATCONSUMP","BEEF","KG_CAP","A","2012",18.07,
"KAZ","MEATCONSUMP","BEEF","KG_CAP","A","2013",18.322,
"KAZ","MEATCONSUMP","BEEF","KG_CAP","A","2014",18.378,
"KAZ","MEATCONSUMP","BEEF","KG_CAP","A","2015",18.462,
"KAZ","MEATCONSUMP","BEEF","KG_CAP","A","2016",18.403,
"KAZ","MEATCONSUMP","BEEF","KG_CAP","A","2017",19.155,
"KAZ","MEATCONSUMP","BEEF","KG_CAP","A","2018",19.779,
"KAZ","MEATCONSUMP","BEEF","KG_CAP","A","2019",19.698,
"KAZ","MEATCONSUMP","BEEF","KG_CAP","A","2020",19.828,
"KAZ","MEATCONSUMP","BEEF","KG_CAP","A","2021",19.932,
"KAZ","MEATCONSUMP","BEEF","KG_CAP","A","2022",20.073,
"MYS","MEATCONSUMP","BEEF","KG_CAP","A","2000",4.203,
"MYS","MEATCONSUMP","BEEF","KG_CAP","A","2001",2.491,
"MYS","MEATCONSUMP","BEEF","KG_CAP","A","2002",4.403,
"MYS","MEATCONSUMP","BEEF","KG_CAP","A","2003",4.354,
"MYS","MEATCONSUMP","BEEF","KG_CAP","A","2004",5.203,
"MYS","MEATCONSUMP","BEEF","KG_CAP","A","2005",5.105,
"MYS","MEATCONSUMP","BEEF","KG_CAP","A","2006",4.832,
"MYS","MEATCONSUMP","BEEF","KG_CAP","A","2007",4.717,
"MYS","MEATCONSUMP","BEEF","KG_CAP","A","2008",4.258,
"MYS","MEATCONSUMP","BEEF","KG_CAP","A","2009",4.562,
"MYS","MEATCONSUMP","BEEF","KG_CAP","A","2010",4.587,
"MYS","MEATCONSUMP","BEEF","KG_CAP","A","2011",4.835,
"MYS","MEATCONSUMP","BEEF","KG_CAP","A","2012",4.928,
"MYS","MEATCONSUMP","BEEF","KG_CAP","A","2013",5.322,
"MYS","MEATCONSUMP","BEEF","KG_CAP","A","2014",5.387,
"MYS","MEATCONSUMP","BEEF","KG_CAP","A","2015",5.823,
"MYS","MEATCONSUMP","BEEF","KG_CAP","A","2016",5.403,
"MYS","MEATCONSUMP","BEEF","KG_CAP","A","2017",5.219,
"MYS","MEATCONSUMP","BEEF","KG_CAP","A","2018",5.297,
"MYS","MEATCONSUMP","BEEF","KG_CAP","A","2019",5.325,
"MYS","MEATCONSUMP","BEEF","KG_CAP","A","2020",5.409,
"MYS","MEATCONSUMP","BEEF","KG_CAP","A","2021",5.524,
"MYS","MEATCONSUMP","BEEF","KG_CAP","A","2022",5.627,
"NGA","MEATCONSUMP","BEEF","KG_CAP","A","2000",1.597,
"NGA","MEATCONSUMP","BEEF","KG_CAP","A","2001",1.764,
"NGA","MEATCONSUMP","BEEF","KG_CAP","A","2002",1.947,
"NGA","MEATCONSUMP","BEEF","KG_CAP","A","2003",1.64,
"NGA","MEATCONSUMP","BEEF","KG_CAP","A","2004",1.672,
"NGA","MEATCONSUMP","BEEF","KG_CAP","A","2005",1.54,
"NGA","MEATCONSUMP","BEEF","KG_CAP","A","2006",1.275,
"NGA","MEATCONSUMP","BEEF","KG_CAP","A","2007",1.568,
"NGA","MEATCONSUMP","BEEF","KG_CAP","A","2008",1.528,
"NGA","MEATCONSUMP","BEEF","KG_CAP","A","2009",1.497,
"NGA","MEATCONSUMP","BEEF","KG_CAP","A","2010",1.357,
"NGA","MEATCONSUMP","BEEF","KG_CAP","A","2011",1.508,
"NGA","MEATCONSUMP","BEEF","KG_CAP","A","2012",1.21,
"NGA","MEATCONSUMP","BEEF","KG_CAP","A","2013",1.544,
"NGA","MEATCONSUMP","BEEF","KG_CAP","A","2014",1.511,
"NGA","MEATCONSUMP","BEEF","KG_CAP","A","2015",1.483,
"NGA","MEATCONSUMP","BEEF","KG_CAP","A","2016",1.393,
"NGA","MEATCONSUMP","BEEF","KG_CAP","A","2017",1.368,
"NGA","MEATCONSUMP","BEEF","KG_CAP","A","2018",1.343,
"NGA","MEATCONSUMP","BEEF","KG_CAP","A","2019",1.313,
"NGA","MEATCONSUMP","BEEF","KG_CAP","A","2020",1.306,
"NGA","MEATCONSUMP","BEEF","KG_CAP","A","2021",1.3,
"NGA","MEATCONSUMP","BEEF","KG_CAP","A","2022",1.301,
"PAK","MEATCONSUMP","BEEF","KG_CAP","A","2000",4.477,
"PAK","MEATCONSUMP","BEEF","KG_CAP","A","2001",4.489,
"PAK","MEATCONSUMP","BEEF","KG_CAP","A","2002",4.505,
"PAK","MEATCONSUMP","BEEF","KG_CAP","A","2003",4.507,
"PAK","MEATCONSUMP","BEEF","KG_CAP","A","2004",4.538,
"PAK","MEATCONSUMP","BEEF","KG_CAP","A","2005",4.566,
"PAK","MEATCONSUMP","BEEF","KG_CAP","A","2006",5.816,
"PAK","MEATCONSUMP","BEEF","KG_CAP","A","2007",5.862,
"PAK","MEATCONSUMP","BEEF","KG_CAP","A","2008",5.887,
"PAK","MEATCONSUMP","BEEF","KG_CAP","A","2009",5.944,
"PAK","MEATCONSUMP","BEEF","KG_CAP","A","2010",5.999,
"PAK","MEATCONSUMP","BEEF","KG_CAP","A","2011",6.078,
"PAK","MEATCONSUMP","BEEF","KG_CAP","A","2012",6.108,
"PAK","MEATCONSUMP","BEEF","KG_CAP","A","2013",6.194,
"PAK","MEATCONSUMP","BEEF","KG_CAP","A","2014",6.228,
"PAK","MEATCONSUMP","BEEF","KG_CAP","A","2015",6.266,
"PAK","MEATCONSUMP","BEEF","KG_CAP","A","2016",6.385,
"PAK","MEATCONSUMP","BEEF","KG_CAP","A","2017",6.514,
"PAK","MEATCONSUMP","BEEF","KG_CAP","A","2018",6.451,
"PAK","MEATCONSUMP","BEEF","KG_CAP","A","2019",6.391,
"PAK","MEATCONSUMP","BEEF","KG_CAP","A","2020",6.422,
"PAK","MEATCONSUMP","BEEF","KG_CAP","A","2021",6.469,
"PAK","MEATCONSUMP","BEEF","KG_CAP","A","2022",6.51,
"PRY","MEATCONSUMP","BEEF","KG_CAP","A","2000",23.977,
"PRY","MEATCONSUMP","BEEF","KG_CAP","A","2001",22.475,
"PRY","MEATCONSUMP","BEEF","KG_CAP","A","2002",27.416,
"PRY","MEATCONSUMP","BEEF","KG_CAP","A","2003",22.708,
"PRY","MEATCONSUMP","BEEF","KG_CAP","A","2004",13.325,
"PRY","MEATCONSUMP","BEEF","KG_CAP","A","2005",8.634,
"PRY","MEATCONSUMP","BEEF","KG_CAP","A","2006",9.424,
"PRY","MEATCONSUMP","BEEF","KG_CAP","A","2007",10.172,
"PRY","MEATCONSUMP","BEEF","KG_CAP","A","2008",10.299,
"PRY","MEATCONSUMP","BEEF","KG_CAP","A","2009",10.061,
"PRY","MEATCONSUMP","BEEF","KG_CAP","A","2010",9.298,
"PRY","MEATCONSUMP","BEEF","KG_CAP","A","2011",18.672,
"PRY","MEATCONSUMP","BEEF","KG_CAP","A","2012",7.965,
"PRY","MEATCONSUMP","BEEF","KG_CAP","A","2013",9.305,
"PRY","MEATCONSUMP","BEEF","KG_CAP","A","2014",11.714,
"PRY","MEATCONSUMP","BEEF","KG_CAP","A","2015",9.808,
"PRY","MEATCONSUMP","BEEF","KG_CAP","A","2016",11.692,
"PRY","MEATCONSUMP","BEEF","KG_CAP","A","2017",14.143,
"PRY","MEATCONSUMP","BEEF","KG_CAP","A","2018",12.718,
"PRY","MEATCONSUMP","BEEF","KG_CAP","A","2019",12.05,
"PRY","MEATCONSUMP","BEEF","KG_CAP","A","2020",12.034,
"PRY","MEATCONSUMP","BEEF","KG_CAP","A","2021",12.095,
"PRY","MEATCONSUMP","BEEF","KG_CAP","A","2022",12.147,
"PER","MEATCONSUMP","BEEF","KG_CAP","A","2000",3.602,
"PER","MEATCONSUMP","BEEF","KG_CAP","A","2001",3.554,
"PER","MEATCONSUMP","BEEF","KG_CAP","A","2002",3.652,
"PER","MEATCONSUMP","BEEF","KG_CAP","A","2003",3.758,
"PER","MEATCONSUMP","BEEF","KG_CAP","A","2004",3.846,
"PER","MEATCONSUMP","BEEF","KG_CAP","A","2005",4.029,
"PER","MEATCONSUMP","BEEF","KG_CAP","A","2006",4.165,
"PER","MEATCONSUMP","BEEF","KG_CAP","A","2007",4.16,
"PER","MEATCONSUMP","BEEF","KG_CAP","A","2008",4.097,
"PER","MEATCONSUMP","BEEF","KG_CAP","A","2009",4.077,
"PER","MEATCONSUMP","BEEF","KG_CAP","A","2010",4.22,
"PER","MEATCONSUMP","BEEF","KG_CAP","A","2011",4.328,
"PER","MEATCONSUMP","BEEF","KG_CAP","A","2012",4.449,
"PER","MEATCONSUMP","BEEF","KG_CAP","A","2013",4.568,
"PER","MEATCONSUMP","BEEF","KG_CAP","A","2014",4.563,
"PER","MEATCONSUMP","BEEF","KG_CAP","A","2015",4.506,
"PER","MEATCONSUMP","BEEF","KG_CAP","A","2016",4.368,
"PER","MEATCONSUMP","BEEF","KG_CAP","A","2017",4.229,
"PER","MEATCONSUMP","BEEF","KG_CAP","A","2018",4.242,
"PER","MEATCONSUMP","BEEF","KG_CAP","A","2019",4.21,
"PER","MEATCONSUMP","BEEF","KG_CAP","A","2020",4.143,
"PER","MEATCONSUMP","BEEF","KG_CAP","A","2021",4.169,
"PER","MEATCONSUMP","BEEF","KG_CAP","A","2022",4.163,
"PHL","MEATCONSUMP","BEEF","KG_CAP","A","2000",3.371,
"PHL","MEATCONSUMP","BEEF","KG_CAP","A","2001",3.149,
"PHL","MEATCONSUMP","BEEF","KG_CAP","A","2002",3.257,
"PHL","MEATCONSUMP","BEEF","KG_CAP","A","2003",3.195,
"PHL","MEATCONSUMP","BEEF","KG_CAP","A","2004",3.388,
"PHL","MEATCONSUMP","BEEF","KG_CAP","A","2005",3.061,
"PHL","MEATCONSUMP","BEEF","KG_CAP","A","2006",3.01,
"PHL","MEATCONSUMP","BEEF","KG_CAP","A","2007",3.362,
"PHL","MEATCONSUMP","BEEF","KG_CAP","A","2008",3.339,
"PHL","MEATCONSUMP","BEEF","KG_CAP","A","2009",3.053,
"PHL","MEATCONSUMP","BEEF","KG_CAP","A","2010",3.185,
"PHL","MEATCONSUMP","BEEF","KG_CAP","A","2011",3.039,
"PHL","MEATCONSUMP","BEEF","KG_CAP","A","2012",2.93,
"PHL","MEATCONSUMP","BEEF","KG_CAP","A","2013",2.853,
"PHL","MEATCONSUMP","BEEF","KG_CAP","A","2014",3.07,
"PHL","MEATCONSUMP","BEEF","KG_CAP","A","2015",3.011,
"PHL","MEATCONSUMP","BEEF","KG_CAP","A","2016",3.136,
"PHL","MEATCONSUMP","BEEF","KG_CAP","A","2017",3.162,
"PHL","MEATCONSUMP","BEEF","KG_CAP","A","2018",3.161,
"PHL","MEATCONSUMP","BEEF","KG_CAP","A","2019",3.152,
"PHL","MEATCONSUMP","BEEF","KG_CAP","A","2020",3.129,
"PHL","MEATCONSUMP","BEEF","KG_CAP","A","2021",3.152,
"PHL","MEATCONSUMP","BEEF","KG_CAP","A","2022",3.17,
"RUS","MEATCONSUMP","BEEF","KG_CAP","A","2000",10.265,
"RUS","MEATCONSUMP","BEEF","KG_CAP","A","2001",11.224,
"RUS","MEATCONSUMP","BEEF","KG_CAP","A","2002",11.962,
"RUS","MEATCONSUMP","BEEF","KG_CAP","A","2003",12.219,
"RUS","MEATCONSUMP","BEEF","KG_CAP","A","2004",12.085,
"RUS","MEATCONSUMP","BEEF","KG_CAP","A","2005",12.703,
"RUS","MEATCONSUMP","BEEF","KG_CAP","A","2006",12.042,
"RUS","MEATCONSUMP","BEEF","KG_CAP","A","2007",13.3,
"RUS","MEATCONSUMP","BEEF","KG_CAP","A","2008",14.317,
"RUS","MEATCONSUMP","BEEF","KG_CAP","A","2009",12.955,
"RUS","MEATCONSUMP","BEEF","KG_CAP","A","2010",12.642,
"RUS","MEATCONSUMP","BEEF","KG_CAP","A","2011",13.383,
"RUS","MEATCONSUMP","BEEF","KG_CAP","A","2012",13.91,
"RUS","MEATCONSUMP","BEEF","KG_CAP","A","2013",12.193,
"RUS","MEATCONSUMP","BEEF","KG_CAP","A","2014",11.912,
"RUS","MEATCONSUMP","BEEF","KG_CAP","A","2015",10.778,
"RUS","MEATCONSUMP","BEEF","KG_CAP","A","2016",10.024,
"RUS","MEATCONSUMP","BEEF","KG_CAP","A","2017",9.842,
"RUS","MEATCONSUMP","BEEF","KG_CAP","A","2018",9.996,
"RUS","MEATCONSUMP","BEEF","KG_CAP","A","2019",10.07,
"RUS","MEATCONSUMP","BEEF","KG_CAP","A","2020",10.034,
"RUS","MEATCONSUMP","BEEF","KG_CAP","A","2021",10.02,
"RUS","MEATCONSUMP","BEEF","KG_CAP","A","2022",10.029,
"SAU","MEATCONSUMP","BEEF","KG_CAP","A","2000",2.852,
"SAU","MEATCONSUMP","BEEF","KG_CAP","A","2001",1.737,
"SAU","MEATCONSUMP","BEEF","KG_CAP","A","2002",2.717,
"SAU","MEATCONSUMP","BEEF","KG_CAP","A","2003",2.692,
"SAU","MEATCONSUMP","BEEF","KG_CAP","A","2004",3.264,
"SAU","MEATCONSUMP","BEEF","KG_CAP","A","2005",2.995,
"SAU","MEATCONSUMP","BEEF","KG_CAP","A","2006",3.764,
"SAU","MEATCONSUMP","BEEF","KG_CAP","A","2007",4.018,
"SAU","MEATCONSUMP","BEEF","KG_CAP","A","2008",4.017,
"SAU","MEATCONSUMP","BEEF","KG_CAP","A","2009",4.023,
"SAU","MEATCONSUMP","BEEF","KG_CAP","A","2010",4.384,
"SAU","MEATCONSUMP","BEEF","KG_CAP","A","2011",4.189,
"SAU","MEATCONSUMP","BEEF","KG_CAP","A","2012",4.48,
"SAU","MEATCONSUMP","BEEF","KG_CAP","A","2013",4.265,
"SAU","MEATCONSUMP","BEEF","KG_CAP","A","2014",4.085,
"SAU","MEATCONSUMP","BEEF","KG_CAP","A","2015",4.35,
"SAU","MEATCONSUMP","BEEF","KG_CAP","A","2016",4.001,
"SAU","MEATCONSUMP","BEEF","KG_CAP","A","2017",3.715,
"SAU","MEATCONSUMP","BEEF","KG_CAP","A","2018",3.679,
"SAU","MEATCONSUMP","BEEF","KG_CAP","A","2019",3.83,
"SAU","MEATCONSUMP","BEEF","KG_CAP","A","2020",3.868,
"SAU","MEATCONSUMP","BEEF","KG_CAP","A","2021",3.917,
"SAU","MEATCONSUMP","BEEF","KG_CAP","A","2022",3.969,
"ZAF","MEATCONSUMP","BEEF","KG_CAP","A","2000",9.468,
"ZAF","MEATCONSUMP","BEEF","KG_CAP","A","2001",9.119,
"ZAF","MEATCONSUMP","BEEF","KG_CAP","A","2002",9.108,
"ZAF","MEATCONSUMP","BEEF","KG_CAP","A","2003",9.386,
"ZAF","MEATCONSUMP","BEEF","KG_CAP","A","2004",10.034,
"ZAF","MEATCONSUMP","BEEF","KG_CAP","A","2005",10.971,
"ZAF","MEATCONSUMP","BEEF","KG_CAP","A","2006",12.046,
"ZAF","MEATCONSUMP","BEEF","KG_CAP","A","2007",11.89,
"ZAF","MEATCONSUMP","BEEF","KG_CAP","A","2008",11.099,
"ZAF","MEATCONSUMP","BEEF","KG_CAP","A","2009",11.095,
"ZAF","MEATCONSUMP","BEEF","KG_CAP","A","2010",12.103,
"ZAF","MEATCONSUMP","BEEF","KG_CAP","A","2011",11.719,
"ZAF","MEATCONSUMP","BEEF","KG_CAP","A","2012",11.635,
"ZAF","MEATCONSUMP","BEEF","KG_CAP","A","2013",12.372,
"ZAF","MEATCONSUMP","BEEF","KG_CAP","A","2014",12.585,
"ZAF","MEATCONSUMP","BEEF","KG_CAP","A","2015",13.099,
"ZAF","MEATCONSUMP","BEEF","KG_CAP","A","2016",13.132,
"ZAF","MEATCONSUMP","BEEF","KG_CAP","A","2017",12.067,
"ZAF","MEATCONSUMP","BEEF","KG_CAP","A","2018",11.751,
"ZAF","MEATCONSUMP","BEEF","KG_CAP","A","2019",11.142,
"ZAF","MEATCONSUMP","BEEF","KG_CAP","A","2020",11.395,
"ZAF","MEATCONSUMP","BEEF","KG_CAP","A","2021",11.692,
"ZAF","MEATCONSUMP","BEEF","KG_CAP","A","2022",11.968,
"THA","MEATCONSUMP","BEEF","KG_CAP","A","2000",2.217,
"THA","MEATCONSUMP","BEEF","KG_CAP","A","2001",1.615,
"THA","MEATCONSUMP","BEEF","KG_CAP","A","2002",1.538,
"THA","MEATCONSUMP","BEEF","KG_CAP","A","2003",1.547,
"THA","MEATCONSUMP","BEEF","KG_CAP","A","2004",1.638,
"THA","MEATCONSUMP","BEEF","KG_CAP","A","2005",1.635,
"THA","MEATCONSUMP","BEEF","KG_CAP","A","2006",1.718,
"THA","MEATCONSUMP","BEEF","KG_CAP","A","2007",1.911,
"THA","MEATCONSUMP","BEEF","KG_CAP","A","2008",1.774,
"THA","MEATCONSUMP","BEEF","KG_CAP","A","2009",1.785,
"THA","MEATCONSUMP","BEEF","KG_CAP","A","2010",1.975,
"THA","MEATCONSUMP","BEEF","KG_CAP","A","2011",1.77,
"THA","MEATCONSUMP","BEEF","KG_CAP","A","2012",1.613,
"THA","MEATCONSUMP","BEEF","KG_CAP","A","2013",1.551,
"THA","MEATCONSUMP","BEEF","KG_CAP","A","2014",1.474,
"THA","MEATCONSUMP","BEEF","KG_CAP","A","2015",1.283,
"THA","MEATCONSUMP","BEEF","KG_CAP","A","2016",1.308,
"THA","MEATCONSUMP","BEEF","KG_CAP","A","2017",1.389,
"THA","MEATCONSUMP","BEEF","KG_CAP","A","2018",1.306,
"THA","MEATCONSUMP","BEEF","KG_CAP","A","2019",1.229,
"THA","MEATCONSUMP","BEEF","KG_CAP","A","2020",1.233,
"THA","MEATCONSUMP","BEEF","KG_CAP","A","2021",1.237,
"THA","MEATCONSUMP","BEEF","KG_CAP","A","2022",1.246,
"UKR","MEATCONSUMP","BEEF","KG_CAP","A","2000",11.912,
"UKR","MEATCONSUMP","BEEF","KG_CAP","A","2001",7.978,
"UKR","MEATCONSUMP","BEEF","KG_CAP","A","2002",8.212,
"UKR","MEATCONSUMP","BEEF","KG_CAP","A","2003",8.274,
"UKR","MEATCONSUMP","BEEF","KG_CAP","A","2004",8.004,
"UKR","MEATCONSUMP","BEEF","KG_CAP","A","2005",8.249,
"UKR","MEATCONSUMP","BEEF","KG_CAP","A","2006",8.839,
"UKR","MEATCONSUMP","BEEF","KG_CAP","A","2007",7.998,
"UKR","MEATCONSUMP","BEEF","KG_CAP","A","2008",7.585,
"UKR","MEATCONSUMP","BEEF","KG_CAP","A","2009",6.798,
"UKR","MEATCONSUMP","BEEF","KG_CAP","A","2010",6.417,
"UKR","MEATCONSUMP","BEEF","KG_CAP","A","2011",6.041,
"UKR","MEATCONSUMP","BEEF","KG_CAP","A","2012",5.815,
"UKR","MEATCONSUMP","BEEF","KG_CAP","A","2013",6.325,
"UKR","MEATCONSUMP","BEEF","KG_CAP","A","2014",6.111,
"UKR","MEATCONSUMP","BEEF","KG_CAP","A","2015",5.496,
"UKR","MEATCONSUMP","BEEF","KG_CAP","A","2016",5.345,
"UKR","MEATCONSUMP","BEEF","KG_CAP","A","2017",5.016,
"UKR","MEATCONSUMP","BEEF","KG_CAP","A","2018",5.027,
"UKR","MEATCONSUMP","BEEF","KG_CAP","A","2019",4.622,
"UKR","MEATCONSUMP","BEEF","KG_CAP","A","2020",4.644,
"UKR","MEATCONSUMP","BEEF","KG_CAP","A","2021",4.685,
"UKR","MEATCONSUMP","BEEF","KG_CAP","A","2022",4.73,
"VNM","MEATCONSUMP","BEEF","KG_CAP","A","2000",1.622,
"VNM","MEATCONSUMP","BEEF","KG_CAP","A","2001",1.678,
"VNM","MEATCONSUMP","BEEF","KG_CAP","A","2002",1.711,
"VNM","MEATCONSUMP","BEEF","KG_CAP","A","2003",1.736,
"VNM","MEATCONSUMP","BEEF","KG_CAP","A","2004",1.878,
"VNM","MEATCONSUMP","BEEF","KG_CAP","A","2005",2.199,
"VNM","MEATCONSUMP","BEEF","KG_CAP","A","2006",2.506,
"VNM","MEATCONSUMP","BEEF","KG_CAP","A","2007",3.316,
"VNM","MEATCONSUMP","BEEF","KG_CAP","A","2008",4.199,
"VNM","MEATCONSUMP","BEEF","KG_CAP","A","2009",4.966,
"VNM","MEATCONSUMP","BEEF","KG_CAP","A","2010",4.643,
"VNM","MEATCONSUMP","BEEF","KG_CAP","A","2011",6.394,
"VNM","MEATCONSUMP","BEEF","KG_CAP","A","2012",6.545,
"VNM","MEATCONSUMP","BEEF","KG_CAP","A","2013",8.328,
"VNM","MEATCONSUMP","BEEF","KG_CAP","A","2014",10.075,
"VNM","MEATCONSUMP","BEEF","KG_CAP","A","2015",9.75,
"VNM","MEATCONSUMP","BEEF","KG_CAP","A","2016",9.63,
"VNM","MEATCONSUMP","BEEF","KG_CAP","A","2017",10.584,
"VNM","MEATCONSUMP","BEEF","KG_CAP","A","2018",8.935,
"VNM","MEATCONSUMP","BEEF","KG_CAP","A","2019",8.145,
"VNM","MEATCONSUMP","BEEF","KG_CAP","A","2020",8.254,
"VNM","MEATCONSUMP","BEEF","KG_CAP","A","2021",8.422,
"VNM","MEATCONSUMP","BEEF","KG_CAP","A","2022",8.575,
"WLD","MEATCONSUMP","BEEF","KG_CAP","A","2000",6.731,
"WLD","MEATCONSUMP","BEEF","KG_CAP","A","2001",6.516,
"WLD","MEATCONSUMP","BEEF","KG_CAP","A","2002",6.677,
"WLD","MEATCONSUMP","BEEF","KG_CAP","A","2003",6.691,
"WLD","MEATCONSUMP","BEEF","KG_CAP","A","2004",6.687,
"WLD","MEATCONSUMP","BEEF","KG_CAP","A","2005",6.724,
"WLD","MEATCONSUMP","BEEF","KG_CAP","A","2006",6.861,
"WLD","MEATCONSUMP","BEEF","KG_CAP","A","2007",6.941,
"WLD","MEATCONSUMP","BEEF","KG_CAP","A","2008",6.77,
"WLD","MEATCONSUMP","BEEF","KG_CAP","A","2009",6.635,
"WLD","MEATCONSUMP","BEEF","KG_CAP","A","2010",6.574,
"WLD","MEATCONSUMP","BEEF","KG_CAP","A","2011",6.449,
"WLD","MEATCONSUMP","BEEF","KG_CAP","A","2012",6.433,
"WLD","MEATCONSUMP","BEEF","KG_CAP","A","2013",6.472,
"WLD","MEATCONSUMP","BEEF","KG_CAP","A","2014",6.362,
"WLD","MEATCONSUMP","BEEF","KG_CAP","A","2015",6.308,
"WLD","MEATCONSUMP","BEEF","KG_CAP","A","2016",6.357,
"WLD","MEATCONSUMP","BEEF","KG_CAP","A","2017",6.375,
"WLD","MEATCONSUMP","BEEF","KG_CAP","A","2018",6.401,
"WLD","MEATCONSUMP","BEEF","KG_CAP","A","2019",6.421,
"WLD","MEATCONSUMP","BEEF","KG_CAP","A","2020",6.391,
"WLD","MEATCONSUMP","BEEF","KG_CAP","A","2021",6.377,
"WLD","MEATCONSUMP","BEEF","KG_CAP","A","2022",6.33,
"OECD","MEATCONSUMP","BEEF","KG_CAP","A","2000",15.971,
"OECD","MEATCONSUMP","BEEF","KG_CAP","A","2001",15.415,
"OECD","MEATCONSUMP","BEEF","KG_CAP","A","2002",15.811,
"OECD","MEATCONSUMP","BEEF","KG_CAP","A","2003",15.423,
"OECD","MEATCONSUMP","BEEF","KG_CAP","A","2004",15.577,
"OECD","MEATCONSUMP","BEEF","KG_CAP","A","2005",15.427,
"OECD","MEATCONSUMP","BEEF","KG_CAP","A","2006",15.45,
"OECD","MEATCONSUMP","BEEF","KG_CAP","A","2007",15.503,
"OECD","MEATCONSUMP","BEEF","KG_CAP","A","2008",15.045,
"OECD","MEATCONSUMP","BEEF","KG_CAP","A","2009",14.694,
"OECD","MEATCONSUMP","BEEF","KG_CAP","A","2010",14.698,
"OECD","MEATCONSUMP","BEEF","KG_CAP","A","2011",14.303,
"OECD","MEATCONSUMP","BEEF","KG_CAP","A","2012",14.204,
"OECD","MEATCONSUMP","BEEF","KG_CAP","A","2013",14.048,
"OECD","MEATCONSUMP","BEEF","KG_CAP","A","2014",13.822,
"OECD","MEATCONSUMP","BEEF","KG_CAP","A","2015",13.841,
"OECD","MEATCONSUMP","BEEF","KG_CAP","A","2016",14.14,
"OECD","MEATCONSUMP","BEEF","KG_CAP","A","2017",14.259,
"OECD","MEATCONSUMP","BEEF","KG_CAP","A","2018",14.521,
"OECD","MEATCONSUMP","BEEF","KG_CAP","A","2019",14.472,
"OECD","MEATCONSUMP","BEEF","KG_CAP","A","2020",14.425,
"OECD","MEATCONSUMP","BEEF","KG_CAP","A","2021",14.406,
"OECD","MEATCONSUMP","BEEF","KG_CAP","A","2022",14.244,
"BRICS","MEATCONSUMP","BEEF","KG_CAP","A","2000",4.124,
"BRICS","MEATCONSUMP","BEEF","KG_CAP","A","2001",4.168,
"BRICS","MEATCONSUMP","BEEF","KG_CAP","A","2002",4.257,
"BRICS","MEATCONSUMP","BEEF","KG_CAP","A","2003",4.536,
"BRICS","MEATCONSUMP","BEEF","KG_CAP","A","2004",4.422,
"BRICS","MEATCONSUMP","BEEF","KG_CAP","A","2005",4.571,
"BRICS","MEATCONSUMP","BEEF","KG_CAP","A","2006",4.702,
"BRICS","MEATCONSUMP","BEEF","KG_CAP","A","2007",4.751,
"BRICS","MEATCONSUMP","BEEF","KG_CAP","A","2008",4.529,
"BRICS","MEATCONSUMP","BEEF","KG_CAP","A","2009",4.412,
"BRICS","MEATCONSUMP","BEEF","KG_CAP","A","2010",4.382,
"BRICS","MEATCONSUMP","BEEF","KG_CAP","A","2011",4.249,
"BRICS","MEATCONSUMP","BEEF","KG_CAP","A","2012",4.264,
"BRICS","MEATCONSUMP","BEEF","KG_CAP","A","2013",4.264,
"BRICS","MEATCONSUMP","BEEF","KG_CAP","A","2014",4.086,
"BRICS","MEATCONSUMP","BEEF","KG_CAP","A","2015",4.058,
"BRICS","MEATCONSUMP","BEEF","KG_CAP","A","2016",4.079,
"BRICS","MEATCONSUMP","BEEF","KG_CAP","A","2017",4.09,
"BRICS","MEATCONSUMP","BEEF","KG_CAP","A","2018",4.179,
"BRICS","MEATCONSUMP","BEEF","KG_CAP","A","2019",4.357,
"BRICS","MEATCONSUMP","BEEF","KG_CAP","A","2020",4.349,
"BRICS","MEATCONSUMP","BEEF","KG_CAP","A","2021",4.34,
"BRICS","MEATCONSUMP","BEEF","KG_CAP","A","2022",4.315,
"NOR","MEATCONSUMP","BEEF","KG_CAP","A","2000",14.435,
"NOR","MEATCONSUMP","BEEF","KG_CAP","A","2001",13.897,
"NOR","MEATCONSUMP","BEEF","KG_CAP","A","2002",13.929,
"NOR","MEATCONSUMP","BEEF","KG_CAP","A","2003",14.255,
"NOR","MEATCONSUMP","BEEF","KG_CAP","A","2004",14.426,
"NOR","MEATCONSUMP","BEEF","KG_CAP","A","2005",14.574,
"NOR","MEATCONSUMP","BEEF","KG_CAP","A","2006",13.835,
"NOR","MEATCONSUMP","BEEF","KG_CAP","A","2007",14.074,
"NOR","MEATCONSUMP","BEEF","KG_CAP","A","2008",14.39,
"NOR","MEATCONSUMP","BEEF","KG_CAP","A","2009",13.613,
"NOR","MEATCONSUMP","BEEF","KG_CAP","A","2010",12.996,
"NOR","MEATCONSUMP","BEEF","KG_CAP","A","2011",13.297,
"NOR","MEATCONSUMP","BEEF","KG_CAP","A","2012",13.655,
"NOR","MEATCONSUMP","BEEF","KG_CAP","A","2013",13.773,
"NOR","MEATCONSUMP","BEEF","KG_CAP","A","2014",12.624,
"NOR","MEATCONSUMP","BEEF","KG_CAP","A","2015",14.053,
"NOR","MEATCONSUMP","BEEF","KG_CAP","A","2016",14.061,
"NOR","MEATCONSUMP","BEEF","KG_CAP","A","2017",13.71,
"NOR","MEATCONSUMP","BEEF","KG_CAP","A","2018",12.88,
"NOR","MEATCONSUMP","BEEF","KG_CAP","A","2019",12.668,
"NOR","MEATCONSUMP","BEEF","KG_CAP","A","2020",12.806,
"NOR","MEATCONSUMP","BEEF","KG_CAP","A","2021",12.926,
"NOR","MEATCONSUMP","BEEF","KG_CAP","A","2022",13.053,
"CHE","MEATCONSUMP","BEEF","KG_CAP","A","2000",14.682,
"CHE","MEATCONSUMP","BEEF","KG_CAP","A","2001",14.538,
"CHE","MEATCONSUMP","BEEF","KG_CAP","A","2002",14.781,
"CHE","MEATCONSUMP","BEEF","KG_CAP","A","2003",14.504,
"CHE","MEATCONSUMP","BEEF","KG_CAP","A","2004",14.433,
"CHE","MEATCONSUMP","BEEF","KG_CAP","A","2005",14.545,
"CHE","MEATCONSUMP","BEEF","KG_CAP","A","2006",14.848,
"CHE","MEATCONSUMP","BEEF","KG_CAP","A","2007",14.651,
"CHE","MEATCONSUMP","BEEF","KG_CAP","A","2008",15.285,
"CHE","MEATCONSUMP","BEEF","KG_CAP","A","2009",15.121,
"CHE","MEATCONSUMP","BEEF","KG_CAP","A","2010",15.469,
"CHE","MEATCONSUMP","BEEF","KG_CAP","A","2011",15.618,
"CHE","MEATCONSUMP","BEEF","KG_CAP","A","2012",15.21,
"CHE","MEATCONSUMP","BEEF","KG_CAP","A","2013",14.34,
"CHE","MEATCONSUMP","BEEF","KG_CAP","A","2014",14.192,
"CHE","MEATCONSUMP","BEEF","KG_CAP","A","2015",13.84,
"CHE","MEATCONSUMP","BEEF","KG_CAP","A","2016",13.954,
"CHE","MEATCONSUMP","BEEF","KG_CAP","A","2017",13.415,
"CHE","MEATCONSUMP","BEEF","KG_CAP","A","2018",13.305,
"CHE","MEATCONSUMP","BEEF","KG_CAP","A","2019",13.171,
"CHE","MEATCONSUMP","BEEF","KG_CAP","A","2020",13.107,
"CHE","MEATCONSUMP","BEEF","KG_CAP","A","2021",13.01,
"CHE","MEATCONSUMP","BEEF","KG_CAP","A","2022",12.929,
"GBR","MEATCONSUMP","BEEF","KG_CAP","A","2000",10.602,
"GBR","MEATCONSUMP","BEEF","KG_CAP","A","2001",10.654,
"GBR","MEATCONSUMP","BEEF","KG_CAP","A","2002",11.599,
"GBR","MEATCONSUMP","BEEF","KG_CAP","A","2003",11.749,
"GBR","MEATCONSUMP","BEEF","KG_CAP","A","2004",12.088,
"GBR","MEATCONSUMP","BEEF","KG_CAP","A","2005",12.046,
"GBR","MEATCONSUMP","BEEF","KG_CAP","A","2006",12.308,
"GBR","MEATCONSUMP","BEEF","KG_CAP","A","2007",12.421,
"GBR","MEATCONSUMP","BEEF","KG_CAP","A","2008",11.949,
"GBR","MEATCONSUMP","BEEF","KG_CAP","A","2009",11.389,
"GBR","MEATCONSUMP","BEEF","KG_CAP","A","2010",11.864,
"GBR","MEATCONSUMP","BEEF","KG_CAP","A","2011",11.616,
"GBR","MEATCONSUMP","BEEF","KG_CAP","A","2012",11.281,
"GBR","MEATCONSUMP","BEEF","KG_CAP","A","2013",11.024,
"GBR","MEATCONSUMP","BEEF","KG_CAP","A","2014",11.349,
"GBR","MEATCONSUMP","BEEF","KG_CAP","A","2015",11.633,
"GBR","MEATCONSUMP","BEEF","KG_CAP","A","2016",11.697,
"GBR","MEATCONSUMP","BEEF","KG_CAP","A","2017",11.706,
"GBR","MEATCONSUMP","BEEF","KG_CAP","A","2018",11.735,
"GBR","MEATCONSUMP","BEEF","KG_CAP","A","2019",11.408,
"GBR","MEATCONSUMP","BEEF","KG_CAP","A","2020",11.329,
"GBR","MEATCONSUMP","BEEF","KG_CAP","A","2021",11.362,
"GBR","MEATCONSUMP","BEEF","KG_CAP","A","2022",11.341,
